Titres,Prix,Dates,Types,Categories,Villes,Offres/Demande
 أبحث عن بقعة تجارية ,nan,29-Mar,Annonce de particulier,Terrains et Fermes,Safi,Demande
 Cherche investisseur projet industriel rentable ,nan,29-Mar,Annonce de professionnel,Business et Affaires commerciales,Casablanca,Demande
 عندو شي ام الحسن ,nan,29-Mar,Annonce de particulier,Animaux,Oujda,Demande
 قنقلب علی ب م 320 ليصانص -1987 ,nan,29-Mar,Annonce de particulier,Voitures,Fès,Demande
 li3ndo kijan kbar kima kano ,nan,29-Mar,Annonce de particulier,Animaux,Oujda,Demande
 Cherche batterie samsungnet chargeur ,nan,29-Mar,Annonce de particulier,Accessoires informatique et Gadgets,Casablanca,Demande
 moto -2020 ,nan,29-Mar,Annonce de particulier,Motos,Casablanca,Demande
 Appartements pour gerence ou location LG durée ,nan,29-Mar,Annonce de professionnel,Appartements,Marrakech,Demande
 البحث عن شقق ,nan,29-Mar,Annonce de professionnel,Appartements,Casablanca,Demande
 carte mere huawie p9 light ,nan,29-Mar,Annonce de particulier,Accessoires informatique et Gadgets,Meknès,Demande
 cherche un Appartement à Sidi maarouf ,2300,29-Mar,Annonce de particulier,Appartements,Casablanca,Demande
 Appartement ,nan,29-Mar,Annonce de particulier,Appartements,Kénitra,Demande
 appartement a belvedere ,nan,29-Mar,Annonce de professionnel,Appartements,Casablanca,Demande
 البحث عن شقة للرهن ,nan,29-Mar,Annonce de particulier,Appartements,Meknès,Demande
 Appartement ,2000,29-Mar,Annonce de particulier,Appartements,Meknès,Demande
 alteres لعندو ,nan,29-Mar,Annonce de particulier,Sports et Loisirs,Safi,Demande
 Recherche galaxy s20 SNAPDRAGON ,nan,29-Mar,Annonce de particulier,Téléphones,Marrakech,Demande
 كانقلب على شقة صغيرة ,1300,29-Mar,Annonce de particulier,Appartements,BéniMellal,Demande
 cherche afficheur J7 2016 ,nan,29-Mar,Annonce de particulier,Accessoires informatique et Gadgets,Tanger,Demande
 Demande achat PC portable ,nan,29-Mar,Annonce de professionnel,Ordinateurs portables,Skhirat,Demande
 cherche une daihatsu sirion -2008 ,nan,29-Mar,Annonce de particulier,Voitures,Marrakech,Demande
 chkon 3ando chi 9niya ,nan,29-Mar,Annonce de particulier,Animaux,Nador,Demande
 ابحت عن شقة ,nan,29-Mar,Annonce de particulier,Appartements,Marrakech,Demande
 Machine de café à capsule ,nan,29-Mar,Annonce de particulier,Electroménager et Vaisselles,Mohammedia,Demande
 Demande de location Magasin à Meknès ,10000,29-Mar,Annonce de particulier, Commerces et Locaux industriels,Meknès,Demande
 Demande Magasin à Tétouan ,nan,29-Mar,Annonce de particulier, Commerces et Locaux industriels,Tétouan,Demande
 Demande de location Appartement à Casablanca ,50000,29-Mar,Annonce de particulier,Appartements,Casablanca,Demande
 cherchons des partenaires ,nan,29-Mar,Annonce de particulier,Business et Affaires commerciales,Casablanca,Demande
 cova 55 شكون بغايبيع بحال هدا القفص ,nan,29-Mar,Annonce de particulier,Animaux,Marrakech,Demande
 Demande de location Appartement à Agadir ,nan,29-Mar,Annonce de particulier,Appartements,Agadir,Demande
 Vetement enfants ,nan,29-Mar,Annonce de particulier,Vêtements pour enfant et bébé,Temara,Demande
 Ps4 ,nan,29-Mar,Annonce de particulier,Jeux vidéo et Consoles,Casablanca,Demande
 شكون لي عندو شي قفص cova 55 cm ,nan,28-Mar,Annonce de particulier,Animaux,Marrakech,Demande
 أرض فلاحية ,nan,28-Mar,Annonce de particulier,Terrains et Fermes,Tifelt,Demande
 maison a derb sultan ,nan,28-Mar,Annonce de particulier,Maisons et Villas,Casablanca,Demande
 ابحت عن جرار لنديني90 -2010 ,nan,28-Mar,Annonce de particulier,Engins Agricole,Casablanca,Demande
 دار 50م ,8,28-Mar,Annonce de particulier,Maisons et Villas,SidiBibi,Demande
 Demande colocation chambre à Sala AlJadida ,nan,28-Mar,Annonce de particulier,Colocations,SalaAl-Jadida,Demande
 كنقلب على بلاي 3 ,nan,28-Mar,Annonce de particulier,Jeux vidéo et Consoles,Marrakech,Demande
 pc portable ,nan,28-Mar,Annonce de professionnel,Ordinateurs portables,Casablanca,Demande
 Cherche dacia duster -2018 ,nan,28-Mar,Annonce de particulier,Voitures,Nador,Demande
 Demande Appartement à Casablanca ,nan,28-Mar,Annonce de particulier,Appartements,Casablanca,Demande
 Couverture de voiture ,nan,28-Mar,Annonce de particulier,Pièces et Accessoires pour véhicules,Marrakech,Demande
 Recherche Appartement meublé en Colocation à Oujda ,nan,28-Mar,Annonce de particulier,Colocations,Oujda,Demande
 taxi ,nan,28-Mar,Annonce de particulier,Business et Affaires commerciales,Casablanca,Demande
 بحت عن جهاز كشف الألماس ,nan,28-Mar,Annonce de particulier,Matériels Professionnels,Marrakech,Demande
 je veux louer un appartement sur Massira 2 ou 3 ,1800,28-Mar,Annonce de particulier,Appartements,Temara,Demande
 ابحت عن شقة للكراء ,2000,28-Mar,Annonce de particulier,Appartements,Salé,Demande
 demande un voiture -2008 ,nan,28-Mar,Annonce de particulier,Voitures,Marrakech,Demande
 Appartement en Location à Tanger ,1700,28-Mar,Annonce de particulier,Appartements,Tanger,Demande
 Les haltères ,nan,27-Mar,Annonce de particulier,Sports et Loisirs,Rabat,Demande
 أبحت عن منزل في الحي محمدي لافيلات او في عين سبع ,nan,27-Mar,Annonce de particulier,Appartements,Casablanca,Demande
 بحث عن شركة ,nan,27-Mar,Annonce de professionnel,Business et Affaires commerciales,Rabat,Demande
 Peugeot 206 renault clio 2 essence -2004 ,nan,27-Mar,Annonce de particulier,Voitures,Kénitra,Demande
 #Ajinet3awno ,nan,27-Mar,Annonce de particulier,AUTRES,Casablanca,Demande
 Magsafe 2 pour Macbook Pro 65 ou 85 whats ,nan,27-Mar,Annonce de particulier,Accessoires informatique et Gadgets,Casablanca,Demande
 شكون عندو بحال هدا القفص cova 55 cm ,nan,27-Mar,Annonce de particulier,Animaux,Marrakech,Demande
 kiraa ard filahiya ,nan,27-Mar,Annonce de professionnel,Terrains et Fermes,Meknès,Demande
 Demande colocation ,1500,27-Mar,Annonce de particulier,Colocations,Casablanca,Demande
 Cherche ferme ,nan,27-Mar,Annonce de particulier,Terrains et Fermes,Meknès,Demande
 besoin d'un frigo ,nan,27-Mar,Annonce de particulier,Electroménager et Vaisselles,Casablanca,Demande
 ار صغيرة كرسونية ,nan,27-Mar,Annonce de particulier,Appartements,Larache,Demande
 Parchisi ,nan,27-Mar,Annonce de particulier,Jeux vidéo et Consoles,Marrakech,Demande
 تمويل مشروع ,nan,26-Mar,Annonce de particulier,Business et Affaires commerciales,Casablanca,Demande
 demande de location ,nan,26-Mar,Annonce de particulier,Appartements,Rabat,Demande
 Ecouteur Airpods pro ,nan,26-Mar,Annonce de particulier,Image & Son,Larache,Demande
 Des chiots husky blanche ,nan,26-Mar,Annonce de particulier,Animaux,Tanger,Demande
 HONDA JAZZ -2013 ,nan,26-Mar,Annonce de particulier,Voitures,Rabat,Demande
 local pour supermarché ,nan,26-Mar,Annonce de particulier, Commerces et Locaux industriels,Marrakech,Demande
 Demande Morceau de terrain à Fès ,nan,26-Mar,Annonce de particulier,Terrains et Fermes,Fès,Demande
 tablette Samsung tabA6 ,nan,26-Mar,Annonce de particulier,Tablettes,ElJadida,Demande
 li 3ando carte mère. ,nan,26-Mar,Annonce de particulier,Accessoires informatique et Gadgets,Casablanca,Demande
 كتاب ,nan,26-Mar,Annonce de particulier, Magazines,BenGuerir,Demande
 بغيت ندير شراكة مع شي شخص ,nan,26-Mar,Annonce de particulier,Business et Affaires commerciales,ElKelâadesSraghna,Demande
 Demande Maison à Marrakech ,nan,26-Mar,Annonce de particulier,Maisons et Villas,Marrakech,Demande
 carte sd nano pour les huawei pro ,nan,25-Mar,Annonce de particulier,Accessoires informatique et Gadgets,Casablanca,Demande
 batterie LG ,nan,25-Mar,Annonce de particulier,Accessoires informatique et Gadgets,Meknès,Demande
 Cherche fournisseur de câbles et fils éléctrique. ,nan,25-Mar,Annonce de particulier,Business et Affaires commerciales,Rabat,Demande
 كنقلب على بلاي 3 مفلاشي وفيه العاب بثمن مناسب ,nan,25-Mar,Annonce de particulier,Jeux vidéo et Consoles,Tanger,Demande
 velos ,nan,25-Mar,Annonce de particulier,Vélos,Casablanca,Demande
 Recherche Tab S6 ,nan,25-Mar,Annonce de particulier,Tablettes,Casablanca,Demande
 tele mate 20 pro ,nan,25-Mar,Annonce de particulier,Téléphones,Agadir,Demande
 cherche Huawei mate 20 pro ,nan,25-Mar,Annonce de particulier,Téléphones,Agadir,Demande
 Demande de location Appartement à Casablanca ,3000,25-Mar,Annonce de particulier,Appartements,Casablanca,Demande
 Ronge rover -2020 ,nan,25-Mar,Annonce de particulier,Voitures,Settat,Demande
 appartement ,nan,25-Mar,Annonce de particulier,Appartements,Kénitra,Demande
 Ps3 ou ps4 ,nan,25-Mar,Annonce de particulier,Jeux vidéo et Consoles,Mohammedia,Demande
 لعندو شي بلاي 3 ,nan,25-Mar,Annonce de particulier,Jeux vidéo et Consoles,ElJadida,Demande
 محل تجاري ,nan,25-Mar,Annonce de particulier, Commerces et Locaux industriels,Marrakech,Demande
 مشروع تربية النحل ,nan,25-Mar,Annonce de particulier,Business et Affaires commerciales,Casablanca,Demande
 citroene -1999 ,nan,24-Mar,Annonce de particulier,Voitures,Khouribga,Demande
 9faz ,nan,24-Mar,Annonce de particulier,Animaux,Khouribga,Demande
 cherche agréement taxi ,nan,24-Mar,Annonce de particulier,Business et Affaires commerciales,Agadir,Demande
 Demande Terrain et ferme à la region Sefrou ,nan,24-Mar,Annonce de particulier,Terrains et Fermes,Sefrou,Demande
 mercedes -1987 ,nan,24-Mar,Annonce de particulier,Voitures,ElKelâadesSraghna,Demande
 télévision ,nan,24-Mar,Annonce de particulier,Télévisions,Fès,Demande
 Renault Kangoo Diesel -2009 ,nan,24-Mar,Annonce de particulier,Voitures,Temara,Demande
 Je cherche un fire tv ou mi box ou Apple TV ,nan,24-Mar,Annonce de particulier,Image & Son,Fès,Demande
 اغراض رضع ,nan,24-Mar,Annonce de particulier,Equipements pour enfant et bébé,Oujda,Demande
 cherche culasse rav4 essence ,nan,24-Mar,Annonce de particulier,Pièces et Accessoires pour véhicules,Casablanca,Demande
 Bghit batterie dyal iphone 7 ,nan,24-Mar,Annonce de particulier,Accessoires informatique et Gadgets,Casablanca,Demande
 cherche 1 kit haltère 10 kg ,nan,24-Mar,Annonce de particulier,Sports et Loisirs,Marrakech,Demande
 Cherche husky ,nan,24-Mar,Annonce de particulier,Animaux,ElKelâadesSraghna,Demande
 partenariat ,nan,24-Mar,Annonce de particulier,Business et Affaires commerciales,Agadir,Demande
 Demande Pc With Cart Graphic ,nan,24-Mar,Annonce de particulier,Ordinateurs de bureau,Laâyoune,Demande
 cherche accent Essence -2012 ,nan,24-Mar,Annonce de particulier,Voitures,BéniMellal,Demande
 TV 32 LCD OU LED ,nan,24-Mar,Annonce de particulier,Télévisions,ElJadida,Demande
 appartement ,2000,24-Mar,Annonce de particulier,Appartements,Fès,Demande
 Cherche enduro -2015 ,nan,24-Mar,Annonce de particulier,Motos,Casablanca,Demande
 maison au RDC 96metres meublée ,2200,24-Mar,Annonce de particulier,Maisons et Villas,ElJadida,Demande
 chekon 3ando chi kfaz ,nan,24-Mar,Annonce de particulier,Animaux,Khouribga,Demande
 Demande de location Appartement à Casablanca ,nan,24-Mar,Annonce de particulier,Appartements,Casablanca,Demande
 أبحث عن شقة ,nan,24-Mar,Annonce de particulier,Appartements,ElJadida,Demande
 ps4 ,nan,24-Mar,Annonce de professionnel,Jeux vidéo et Consoles,Tanger,Demande
 Appartement ,nan,24-Mar,Annonce de particulier,Appartements,Tanger,Demande
 Appartement ,3500,23-Mar,Annonce de particulier,Colocations,Marrakech,Demande
 Appartement ,2000,23-Mar,Annonce de particulier,Appartements,Marrakech,Demande
 jlovira auto ancienne ,nan,23-Mar,Annonce de particulier,Pièces et Accessoires pour véhicules,ElJadida,Demande
 Chargeur pc portable samsung ,nan,23-Mar,Annonce de particulier,Accessoires informatique et Gadgets,Marrakech,Demande
 demande de ps4 ,nan,23-Mar,Annonce de particulier,Jeux vidéo et Consoles,Tifelt,Demande
 culasse fiat palio ,nan,23-Mar,Annonce de particulier,Pièces et Accessoires pour véhicules,Temara,Demande
 cherche garceniere ,1300,23-Mar,Annonce de particulier,Colocations,Tanger,Demande
 ابحت عن منزل للكراء ,1600,23-Mar,Annonce de particulier,Appartements,Temara,Demande
 pc portable ,nan,23-Mar,Annonce de particulier,Ordinateurs portables,Casablanca,Demande
 Demande Terrain et ferme à Taounate ,nan,23-Mar,Annonce de particulier,Terrains et Fermes,Taounate,Demande
 colocation ,nan,23-Mar,Annonce de particulier,Colocations,Tanger,Demande
 شقة ,1500,23-Mar,Annonce de particulier,Appartements,Casablanca,Demande
 cherche korg pa50 ,nan,22-Mar,Annonce de particulier,Instruments de Musique,Khouribga,Demande
 البحث عن شقة أو رفيق سكن انضم اليه ,nan,22-Mar,Annonce de particulier,Colocations,Martil,Demande
 ps4 ,nan,22-Mar,Annonce de particulier,Jeux vidéo et Consoles,TnineAglou,Demande
 استوديو طنجة ,1400,22-Mar,Annonce de particulier,Appartements,Tanger,Demande
 Demande de location Appartement à Casablanca ,1500,22-Mar,Annonce de particulier,Appartements,Casablanca,Demande
 اشكون عندو بحال هادو اديال الكولف2 ,nan,22-Mar,Annonce de particulier,Pièces et Accessoires pour véhicules,MoulayBousselham,Demande
 cherche un étage villa ,3500,22-Mar,Annonce de particulier,Appartements,Casablanca,Demande
 blindee coupe feu ,nan,22-Mar,Annonce de particulier,AUTRES,Casablanca,Demande
 botell oxigen eh carbon ,nan,22-Mar,Annonce de particulier,Matériels Professionnels,Casablanca,Demande
 Demande de location Appartement à Temara ,nan,22-Mar,Annonce de particulier,Appartements,Temara,Demande
 شراء شقة ,nan,22-Mar,Annonce de particulier,Appartements,Settat,Demande
 أبحث عن لعبة gta 5 ل ps4 ,nan,22-Mar,Annonce de particulier,Jeux vidéo et Consoles,Tanger,Demande
 أبحث عن لعبة ps4 ل gta 5 ,nan,22-Mar,Annonce de particulier,Jeux vidéo et Consoles,Tanger,Demande
